fecha,temperatura_promedio_C,precipitacion_mm,humedad_relativa_%,ph_suelo,materia_organica_%,rendimiento_toneladas_ha,latitud,longitud
2024-01-01,25.09061632843021,1.1419434417465002,82.7576868037256,5.666371182892201,3.2493191104870185,6.324014419714395,-1.818763796434579,-79.50194047180881
2024-01-02,24.642142483473,14.7384151420089,80.20356653158221,5.970554735024444,2.69389312691779,6.246093003502738,-1.8014785708077026,-79.5047324679022
2024-01-03,24.48516013414603,13.48313742123914,78.99567400368038,5.7192703073516,2.117950968260258,6.627079719678038,-1.808040181745658,-79.54021044326053
2024-01-04,26.65001993539452,2.9956687620619693,80.07265837001827,6.082444111083086,2.468143443501714,6.13571153887492,-1.812040245474089,-79.54653193495623
2024-01-05,24.15008517748249,10.474868819371576,79.43856720498636,5.997145999135973,2.9749544206259007,7.276869092605584,-1.825319440786727,-79.54496109993113
2024-01-06,25.46370653857086,9.962314916244166,80.583152904732,5.729366741437862,2.6353935373846764,5.911379576958291,-1.825320164389914,-79.54908890871742
2024-01-07,25.13476878101569,14.921321011373132,76.98037230416108,6.027975712225809,3.0268460269359463,6.464579441902677,-1.828257491634954,-79.5452778519622
2024-01-08,23.30251608079313,5.294223397861172,83.89098363968333,5.795426387540223,2.100279107082036,5.848567523631535,-1.804014715626752,-79.51584966132918
2024-01-09,25.67249602120364,11.06700117434023,79.28320370249092,5.726635117637063,2.343296740382472,6.223276944650449,-1.8119665496477038,-79.54644056757698
2024-01-10,26.292300551575558,6.721730987276635,83.65147556247649,6.10426321038449,2.899324359259184,5.870513906184586,-1.8087578226661187,-79.53405121848532
2024-01-11,25.32298407226929,8.212355301378754,77.28889441780962,5.864871856344321,2.028384083536079,6.356303816538469,-1.829382465171126,-79.50775623445152
2024-01-12,24.628306162161287,9.33913161269753,80.84986361463842,5.748219005259184,2.7346775205901097,5.857528903013242,-1.8009027044351402,-79.5488364032132
2024-01-13,25.697037837965794,1.603434932099591,80.37913873863924,6.187785799811657,2.09986747015777,5.796676508842545,-1.8050267207759874,-79.50927657587056
2024-01-14,25.41112627972713,9.231242243031325,81.05189029782068,5.8978374260295325,2.753888587424708,6.332909952586867,-1.8236298266796518,-79.53590726126133
2024-01-15,25.32785492554281,7.127045060240622,82.0177211036082,6.1799763869790425,2.4469465014469707,5.707641208598807,-1.824545250983787,-79.54409175861892
2024-01-16,25.885664535429576,7.731427513565343,73.4819913619579,5.969484335430084,2.285868725618431,5.972840015308752,-1.824497864704397,-79.51516314173179
2024-01-17,25.26558426445521,9.285831732228663,82.12835545141712,5.712902725886031,2.705242319270433,5.922135996724825,-1.820872732711214,-79.518552857661
2024-01-18,25.591048384710003,11.4101707533986,77.19368389386621,6.017196423235006,2.2856146219543807,6.742417339484343,-1.8142573070510328,-79.50612639932365
2024-01-19,25.29382985072107,17.524251717308946,79.32960205288444,5.730136640776361,2.492232157644907,6.409046065149718,-1.8170416494407367,-79.5132464478098
2024-01-20,25.63995352155364,0.2517802911503946,76.83895274256093,5.586439415684161,2.8801230367894304,6.513184011774578,-1.8212631257940588,-79.50982595348076
2024-01-21,24.916440625170026,7.489224717383281,80.21015648933954,6.032375660521638,2.1290587463237705,6.071510694820436,-1.8116444131583287,-79.53589827137144
2024-01-22,25.780158103825944,10.83880418303256,80.56874484979623,6.000209218513428,1.418707082800305,6.703362595859272,-1.8258151841804389,-79.54112802281101
2024-01-23,24.476739453498062,0.0,81.53360779857495,6.074731709032592,2.445020594148924,6.285862364160882,-1.8212356605439435,-79.51246926241795
2024-01-24,26.28982260639092,14.907905601253573,84.91989358811418,5.9484254982143785,2.530173455560637,6.01941025643085,-1.8190091447011894,-79.50965826303664
2024-01-25,24.80315000949604,4.117100356752375,86.51282815249344,5.764822837513533,2.5492819227137944,6.165445612812141,-1.816317900473489,-79.50047474289997
2024-01-26,25.03488195709796,16.808588535487097,78.13205191479665,5.838921491047448,2.2030117657207806,6.103993246633788,-1.8064447211582095,-79.52936911615443
2024-01-27,24.51058472727577,8.148149348091273,78.71209332644823,5.661515804025228,1.9374730145312664,5.975068328211392,-1.8240097865352494,-79.53139909571036
2024-01-28,23.7962237007752,12.133613151781349,80.24731925880351,5.508489700107014,2.3763163691800546,6.274353078322825,-1.8145729668475916,-79.5111793519629
2024-01-29,25.255339608335344,15.035585563449056,74.37448259106277,5.823005215829483,2.435946881773344,6.70140202293514,-1.812227562934139,-79.53295982298735
2024-01-30,25.17055730259015,4.573486674639239,79.04283819300015,5.640794828639302,2.9304028554394392,6.006393494601583,-1.8286064876184,-79.50346213371982
2024-01-31,26.52095254860241,8.03002926426023,77.87477969926861,5.497257121477435,1.778744129497622,5.524759217098353,-1.8117736544429568,-79.50707936240785
2024-02-01,25.713701320809182,11.876958449483002,75.2564278939036,5.979007662815223,2.306775579326624,6.544037903595664,-1.8248842762893813,-79.52855029863125
2024-02-02,26.78977650260434,13.817529912660994,79.1944080562825,5.621761554916942,1.639273839468278,6.284254004227274,-1.8280484522104417,-79.51245644661043
2024-02-03,25.33109580893785,4.397435697577414,79.60622909872309,5.815370376591753,2.4100576072767685,5.804999225752962,-1.8015334338824,-79.51227285629577
2024-02-04,25.63492373757338,11.54303658118038,76.72880276767147,6.082186475949253,2.4605647470862952,6.505654886883455,-1.8010310390077633,-79.5448438065582
2024-02-05,26.066571538605245,10.499413989650842,82.85940990173974,5.857424833040365,2.255025050143825,6.608451057561831,-1.8057480795565062,-79.50487235466602
2024-02-06,24.58501903414347,9.87613186221595,79.90031002806661,5.758376628545492,2.448584995424428,5.435445286350708,-1.820861586924799,-79.5247373813776
2024-02-07,25.06102007380723,9.797557839038909,80.4795691759922,5.5944649718148085,3.00628313634588,5.74014754553565,-1.8270698365798086,-79.50867712669461
2024-02-08,26.27556576042139,11.46930514269176,78.06131807046859,6.155062178521902,2.022545267297408,6.7757462520830005,-1.8094730092046354,-79.53399751994847
2024-02-09,26.300465854434385,5.980232287950109,84.17739590019299,5.749990697080209,2.615477451711943,6.078096551631366,-1.816795425187812,-79.50522383857519
2024-02-10,25.39255300682356,13.387374699132245,82.38046616165664,5.450293605352364,3.021736097151261,6.001252403589298,-1.8263388529546567,-79.53053991606329
2024-02-11,26.326036963473324,14.96685901747125,76.7271007093544,5.717837142409083,2.057718132605625,6.43552369091338,-1.815144692696662,-79.54945811742598
2024-02-12,25.253572572651407,13.231635994680031,83.93092623835882,6.079136762157991,2.275132789368679,6.437233437876642,-1.8289683443665434,-79.50473090117903
2024-02-13,24.15324944622324,5.30398300085239,82.89455489929237,6.123116564709646,2.006260451248031,5.822260722254132,-1.8027203879376366,-79.54543566616069
2024-02-14,25.47887539443286,10.734139127431368,77.57118944023506,5.884812208892818,2.3104642611716337,6.495664318736516,-1.8222366005519997,-79.53403431812048
2024-02-15,25.93702739840296,9.365444682388024,78.69084232842029,5.778078039214834,2.464654816317866,5.888996691035362,-1.8101243314693807,-79.50249690164746
2024-02-16,25.29296314986632,17.32656918585692,81.68275834382372,5.740903936394168,2.7787817618042943,6.399854153073197,-1.8206486677173177,-79.50246964265312
2024-02-17,26.438499710069312,11.181544294323803,79.67809356798732,5.889543385162056,1.8716495391726,6.161969759327058,-1.8143979593646657,-79.52132810559384
2024-02-18,24.54485999488076,10.048048807151869,85.19754499845527,6.246260029238527,2.755220440576303,6.650253342483337,-1.8135986916197018,-79.51840813939151
2024-02-19,24.05915381267781,6.619964334663225,77.63664874427528,5.675830480349776,2.432742472566084,5.858372826690862,-1.8244543663342343,-79.52757772390109
2024-02-20,23.916560151699368,13.072884613921005,76.78177092278058,5.84784937282223,3.329633067899989,6.224184622524073,-1.8009124611670633,-79.53533946141509
2024-02-21,23.475769981802937,7.9033122239327795,83.30287890499571,6.191669490844118,2.008180162219033,6.1490097669709565,-1.8067460152991666,-79.5335667727315
2024-02-22,25.12775163457596,8.803591561812656,87.9330300410511,5.499405934320969,2.601495864597829,6.14030795152963,-1.8018150317530743,-79.51637407719615
2024-02-23,26.36862905995148,9.82324910068781,80.92415161851231,5.721670286515642,2.6076507764980428,5.897042317350777,-1.8031551794871705,-79.51238127352812
2024-02-24,25.99725751188484,7.485281653115164,81.13130118170656,5.794147437263004,2.9504201003088677,5.984581882923454,-1.8120630006356675,-79.51042104781371
2024-02-25,24.08157402543449,15.642940836903293,77.28280309741214,5.669246732270236,2.261735482382603,6.912331427951245,-1.8023437729493066,-79.51051909286028
2024-02-26,23.79146062881704,25.0220760016333,83.16817042719815,5.844647782825832,2.4780423997534853,6.585666222457297,-1.8273452249384425,-79.54543969484756
2024-02-27,25.91689794270347,12.559411263083618,81.66681339801035,5.81791613625105,2.4210646318770697,6.4546180149039465,-1.8241205141274257,-79.52527898476487
2024-02-28,25.34407337571785,15.002183817668657,81.78067016684258,5.211922273067144,2.7623603106119043,6.558420858415633,-1.828643181332684,-79.54712206199916
2024-02-29,25.485032994843284,7.390741067888904,83.37233815995805,5.989505292424571,2.1908489328705563,6.12211568613736,-1.820240090077102,-79.52252355588381
2024-03-01,24.722674612366973,3.101909176055347,78.1198483262301,5.972478694476552,2.8812500181504346,6.153925626029188,-1.8183396813093156,-79.52792347493133
2024-03-02,26.0800766294784,12.580891435574792,78.07555521433115,5.886384508934788,2.820163810091073,6.726287398944073,-1.8218595290467832,-79.50561479086208
2024-03-03,26.451130697179718,13.54151923600532,81.05434462262475,6.014030047663285,2.489391496300376,6.235437604631684,-1.805137874725442,-79.53245424937239
2024-03-04,25.369546428844988,6.275486775967755,77.97446517507686,5.7710962658568965,2.183032031600016,5.907611541108288,-1.8192974001991924,-79.54414664917861
2024-03-05,23.98510826643697,11.066468536864694,80.00361642608668,5.636582273786361,2.763698267372962,6.781271041287967,-1.8215719647093787,-79.54285041589736
2024-03-06,24.21395210850482,6.186376107168929,77.69257295063811,5.612019379778227,2.8317899367726995,5.941852158368159,-1.8137191175052525,-79.51192446841412
2024-03-07,25.28838812695151,0.0,81.90625409062768,5.552148321029305,2.523973052106532,6.083213081387457,-1.825772273250757,-79.51908909683418
2024-03-08,26.58852687667092,3.45589800440444,70.94146353253753,5.836769908950739,3.2202044726043413,6.371683905881831,-1.8059340905773789,-79.54494386619386
2024-03-09,25.6677275322197,7.541819071839763,82.42136778991193,5.605290760059106,2.690543107742488,6.151641047749988,-1.827763480689607,-79.54579465969425
2024-03-10,26.348167925999103,23.798300194555388,81.1772479015363,5.6982072748585,2.489770275123202,5.969277228533264,-1.8003933919019846,-79.51495154342705
2024-03-11,24.944229495128752,7.95358780943448,78.42773480619623,5.830470974406744,2.1710320270471195,6.336309200197341,-1.8068326569211004,-79.54636184968179
2024-03-12,25.50016565193456,9.953498394306928,79.01631585046124,5.831038136771796,2.8300393058670537,5.73986093528673,-1.824038529553975,-79.50890699703548
2024-03-13,24.9735068087398,8.481369856116677,75.96238722958036,5.636148428055701,2.3095116505821363,6.262316754213818,-1.829834336486292,-79.51468788864217
2024-03-14,25.71004906320154,10.967949556837722,82.55269388650392,5.7725256423201206,2.656185939971556,6.469033474120251,-1.805536157146355,-79.5459325609679
2024-03-15,25.7122898795197,7.08620671194209,72.6835485251707,5.773144167562739,3.069099254439976,6.277864620672478,-1.8087942796845715,-79.54575811429574
2024-03-16,26.27231798767294,16.18065360903109,80.26597277288431,5.839463141481119,2.25293924182626,6.405178143191885,-1.8081297849587705,-79.50066802107494
2024-03-17,25.992616919816918,16.019422185844082,79.581661172957,5.709962147029717,2.500211183542639,6.680362024678734,-1.8068618895994217,-79.53128646021219
2024-03-18,24.34491614709317,0.0,78.34838945152525,5.555857514817168,2.296743920941076,5.955665904354759,-1.8277786604479773,-79.53146789264666
2024-03-19,25.137401272781588,17.262337672353727,80.98023429380696,5.860094871922166,2.7488828576173607,6.158350064665769,-1.819246028143672,-79.50936002163712
2024-03-20,26.331289429936216,9.6211785673227,82.01144185172363,5.5856285533919685,1.8784964935935744,6.245366897407509,-1.8265239282142463,-79.5026375711308
2024-03-21,25.801127620878013,5.489742228212448,77.39101075617592,6.025086956882953,2.0242352428530688,6.492801885976789,-1.8041068972237322,-79.50069994680885
2024-03-22,24.779503412281706,13.191959628041914,79.01414457275304,5.920637486216468,2.282354399154323,6.451162128178312,-1.8113010561951732,-79.51233109073705
2024-03-23,25.532735340316577,4.989062721092637,82.22247303626038,5.6973572867056825,2.4085600338639925,5.701695187617446,-1.8200730592544205,-79.53118702072345
2024-03-24,23.45013307296375,9.044861186999157,87.23784626483875,5.956920857579605,2.492295848106242,5.921132751237519,-1.8280932494914193,-79.54582496416506
2024-03-25,25.51797271424964,12.73559557587605,76.45756155407346,6.022864338933775,2.786152526176497,6.715455717712381,-1.8206705303485302,-79.51114265420362
2024-03-26,25.850780591047783,10.09808328846995,82.01858370790046,5.918362826748275,2.3583837156235905,6.32791946813093,-1.8202445003391976,-79.5220797875132
2024-03-27,25.58148503620959,17.74510075747594,76.2826787730383,5.506494946849512,2.5659043364946066,6.515266310556806,-1.808111814649858,-79.52878889953764
2024-03-28,25.638673331496328,11.219765989542502,79.33039323609559,6.097972687720416,1.8596384086093936,6.251450892565926,-1.8108732758593438,-79.50468228074526
2024-03-29,25.41739619188076,1.7840559442291628,79.47243678670378,6.132294033145604,2.508354595318385,6.069210271715605,-1.8033836177227103,-79.54444012588469
2024-03-30,24.491868187861936,6.918192959802613,78.87441085902819,5.736456980648753,3.0126575180015074,6.167307318217538,-1.8158335522451416,-79.52536874478545
2024-03-31,24.610833634450373,11.232523892160025,81.49466524549035,6.028029807704253,3.1322162746273494,6.195471742451639,-1.826412172621851,-79.54943231776163
2024-04-01,24.85131399103173,2.3787773720935848,79.29794042267906,5.893271674889267,2.894933806635641,5.977214692907244,-1.8086026563833102,-79.5265669679003
2024-04-02,25.244121981396123,9.425456627910368,77.49457129510994,6.217907744338954,1.8569355891527763,6.055422173668718,-1.8071764485414932,-79.5471848362159
2024-04-03,27.11888497538371,8.700665889466656,79.42988289499552,5.728510915437915,2.427843327295037,6.711854542402959,-1.8131616840729152,-79.54405910418659
2024-04-04,23.730510470936395,16.333835173148294,75.72812854264956,5.746669534153117,2.328302231880535,6.676565980931216,-1.8068709846013633,-79.54412368766114
2024-04-05,24.221500518493,10.97752999707638,86.07292886986056,5.527365199081438,2.5758824670441585,6.301405346661017,-1.8151861321090683,-79.5175394848942
2024-04-06,25.84070976495443,8.762405553745426,78.07553927286708,5.897574456974215,3.221739243914697,5.94272886248181,-1.8143180151185403,-79.51269775603673
2024-04-07,26.075806353718544,2.200301877310848,77.13069086954597,5.894481255576076,3.093646411414386,6.106684004635698,-1.8171737694492436,-79.52083156174514
2024-04-08,25.24955357558148,8.663123693783437,76.24877679809084,5.920903065271073,2.852933224929364,5.864372900150076,-1.8292374261976772,-79.50189137257627
2024-04-09,25.1239662817924,9.996057814926909,78.68984079187821,5.786773477074835,3.339888715666606,5.925892289776201,-1.8267632571902008,-79.53125647102381
2024-04-10,25.213327878383023,5.42895763849087,82.2325759144998,5.763755165356379,2.2402507846714297,6.396391209681903,-1.829057124429398,-79.5357143956859
2024-04-11,26.63568240361091,5.664548837973141,74.40038014591815,6.001502737967384,2.2261480696959985,6.23718767974883,-1.8109076876620867,-79.50657004359053
2024-04-12,23.92391694583053,13.129653358163212,76.36648421215766,5.946152823813304,2.505709227134574,6.213818174181006,-1.8205693205677103,-79.53882020807403
2024-04-13,25.174370949658577,12.09825895145017,80.31768335934571,5.916882596094497,3.290576233806194,6.030727516486684,-1.814742879265059,-79.50183887302796
2024-04-14,26.7937700599749,9.18844635428273,77.30364785503062,5.533937274852202,2.4243518436891867,6.276495033577338,-1.8027730057822173,-79.54939227626551
2024-04-15,25.39796070369797,16.222441317903403,75.64647292984532,5.797582210430789,1.9990426222347524,6.6090895647874905,-1.8225212331255338,-79.50150605866462
2024-04-16,26.20950991207784,6.5628576982614,72.18735843011859,5.839789629359299,2.674695420693404,6.121288426488509,-1.8176885123089312,-79.54784200440247
2024-04-17,26.48862575345772,3.3113982684214216,82.04064831635135,6.038501502495595,1.7885649663973933,6.095895547775693,-1.8073334658437086,-79.5054428443151
2024-04-18,25.096656135193864,8.259053301158437,81.04302945061501,5.702554287177289,2.229716768335355,6.010245725246407,-1.8231360550352513,-79.52361494454568
2024-04-19,24.63020324890976,3.2375410222407397,82.03811984886951,5.570241192968268,2.7665250003636848,6.1387773878561855,-1.8276906027051363,-79.50035176019404
2024-04-20,24.119354616967524,5.278843404988391,83.58232820914212,5.603766893772064,2.314238295076245,6.138618267975569,-1.821307456412587,-79.54631017176322
2024-04-21,26.12671240742608,7.408972236444187,78.20746941592508,6.084473972339701,3.195559865519032,6.293657415234539,-1.82516336138238,-79.52230728577993
2024-04-22,25.56825451405202,4.6253380584620345,77.5086667803303,5.904502821053152,2.667359288355473,6.4204795778839285,-1.802109070429723,-79.50153487321904
2024-04-23,26.02036007402891,1.1512651578675763,83.15584285316875,5.600387874537117,2.3464114912190595,6.075060061875508,-1.8057563886130676,-79.52384510779149
2024-04-24,27.09653399182717,24.21625944669347,81.82016917740854,5.763360676255922,2.71380225939222,7.066296627762151,-1.8109978873046872,-79.51853006809324
2024-04-25,25.243465899554245,17.642723446228278,80.6902122775742,5.899548617818279,2.7663697008217847,6.626475983184337,-1.8038561822943686,-79.51521256555077
2024-04-26,26.17115240037569,5.58040073393205,78.32509473816191,5.579969153405661,2.6758004922480905,6.233680951053635,-1.8058898376930266,-79.52727294676161
2024-04-27,25.86621829292151,17.039128833404355,79.98321194351286,5.933748331118502,2.0633196495442743,6.383870089257679,-1.824402898233419,-79.5186220959958
2024-04-28,26.05643020605262,12.912177220382386,79.11809915700745,5.785680149628386,1.892850501327676,6.3928912397580175,-1.8032232300453006,-79.52078428440385
2024-04-29,26.21230653081583,11.542691747199498,81.50199716414363,5.809954737436192,2.5028252634512707,6.301903658157966,-1.8138197327425305,-79.50494209947546
2024-04-30,26.059062736162023,10.771531388613615,81.4760565439784,5.694793031466483,1.6386628320515022,6.829145813526108,-1.805776795345078,-79.54772768098293
2024-05-01,24.86693003519328,1.6861211797843971,82.08043673574198,5.721597472016174,2.923974553618649,6.18510178487301,-1.8031172610022952,-79.53595184052038
2024-05-02,25.796855458560383,0.0,83.6358319561592,5.852250106246771,2.3522891443015186,6.043016540202675,-1.8204598957508442,-79.50247942579617
2024-05-03,23.829011813681344,8.043264057403354,76.91188547545379,5.529465942831293,1.891056325512844,6.333806512496977,-1.8266984422641697,-79.50548681080545
2024-05-04,24.74658928504577,13.668638549582496,78.3925956108431,5.458528408481411,2.053390224020536,6.870743486002081,-1.8231619451237417,-79.52721716236071
2024-05-05,25.125281457650665,3.258563517546995,80.48005467755836,5.900356547233509,2.946959526360984,6.434549768967877,-1.8171867663412125,-79.51899337010992
2024-05-06,24.96218508336873,0.0,78.75960451663018,5.8520561013165775,2.114496429515756,5.712854725531487,-1.8054595570223253,-79.53613094085094
2024-05-07,25.52503030523991,5.756738242147744,80.09839098623476,5.648300933059986,2.407839714317693,5.7227300567195085,-1.8041780825023097,-79.54059394201381
2024-05-08,25.96215872889983,11.176246673618763,74.46143641328572,5.614097827961518,1.9013882979639685,6.30499281967793,-1.8297914360840644,-79.52681507975299
2024-05-09,25.18324962416771,0.0,77.23442056062406,5.5992085255837,2.5829069317595774,6.020803301110875,-1.8146775809226732,-79.53233238859869
2024-05-10,24.6726099573302,6.88410436069699,78.3599597462382,5.745668977934789,3.169380836119415,6.402138315537105,-1.8174776699055366,-79.52081719440746
2024-05-11,24.21033501045792,10.148662089395874,82.43418966347478,5.570347342249476,2.8275110575019444,6.9613795755237655,-1.823336765685878,-79.54611326815174
2024-05-12,24.35196415500447,1.4124858949286816,83.0529844005305,5.854299062165129,2.720590510095809,6.102176764920149,-1.8264040389799896,-79.50128025961669
2024-05-13,25.562556736742515,0.0,83.14195311986434,6.033917998485554,2.408243702372789,5.986956915055841,-1.8198715448578913,-79.50068946277602
2024-05-14,24.025113997955422,8.571273780089175,81.71617232514244,5.787561796600138,2.949741343948201,5.899776830706018,-1.8017127088826244,-79.515091914299
2024-05-15,25.70168474071488,0.9016783065394218,79.92934354737729,5.765129148419432,2.5901231688163766,5.889141921349992,-1.8203039120393774,-79.5231951816828
2024-05-16,25.144821923462665,10.13023585720753,78.68970728828535,5.478684579852264,3.1998335616821683,6.9144362236071455,-1.814436281347699,-79.53452361918568
2024-05-17,24.216189843915505,9.448539026225973,78.49107568834597,5.852697443066211,2.6176896516053976,5.929677659905104,-1.8089094312331446,-79.50931024901465
2024-05-18,24.622987467530884,2.547294738418703,77.25142425355627,5.633635558353911,2.4731286839802578,5.785272003266774,-1.8190911119286213,-79.5157634413723
2024-05-19,25.795641652570097,13.436230776679636,78.25984027588987,5.847880900107075,2.6998740441211737,6.641600681275782,-1.8008465375183713,-79.54186915303275
2024-05-20,25.31076421433287,9.713412091798611,81.44674685804198,5.55246751553454,2.847662425755709,6.266187251180023,-1.8011265811517367,-79.50445364077531
2024-05-21,24.63937111665713,6.1896891772380105,82.04998697843321,5.758137236084128,2.929191219106405,6.709161748385808,-1.8224465311252391,-79.50887313785384
2024-05-22,24.62121117389201,0.0,80.91145578681463,5.9443125010252285,2.4076534504620923,6.435978198996311,-1.8150825448232284,-79.5025100043354
2024-05-23,24.1791153602214,9.464593115158056,78.18241753772332,6.143875581241459,3.297006141267248,5.770003023664995,-1.820973650705497,-79.51371402458058
2024-05-24,24.810354291273136,10.29793943489901,78.83860805063145,5.7909177564135526,2.510155368216964,5.924098053140703,-1.821454785168676,-79.5193292402032
2024-05-25,25.23892980312461,2.5513611296791305,78.52063153280068,6.088726400693763,1.9973972422882973,6.243961556024393,-1.8288933915793641,-79.52908784818547
2024-05-26,25.026829655734552,4.601199157520828,82.37111568815513,5.8680102589137775,2.7282451988878123,6.2904553981598585,-1.8117130699806032,-79.5033635758323
2024-05-27,24.98495329345334,2.9388163274612484,76.74454842032661,5.634917894004209,3.67963777012349,6.373403874221036,-1.8149196293031342,-79.50669680552498
2024-05-28,24.169140507033585,0.0,81.44559818515548,5.909452959475593,2.7195535341269457,5.92351326193389,-1.8284556374625003,-79.54773906649469
2024-05-29,25.14963659199768,7.639397620796787,80.25767901888,5.356139925450493,2.4080801477699225,5.744578069721906,-1.8216406060729018,-79.54868165127513
2024-05-30,25.39016913512681,20.92629501301705,81.10244499642292,5.73729406276552,2.8687206007909007,6.644806366162764,-1.8027520234210004,-79.5311768316561
2024-05-31,25.586075592361475,9.034252966078355,86.16963069448863,5.573822312934817,2.6894528307245817,5.722085661005538,-1.822813143279991,-79.5094723334609
2024-06-01,24.9444101170738,0.0,78.74789955918475,5.740982017152419,2.8903266877378835,6.275536333182724,-1.8256531538372633,-79.50063619353425
2024-06-02,23.50342609884289,3.2746705549992434,77.87126043575248,5.548299017864933,2.413193179830252,5.907455163463254,-1.8153164171916731,-79.54247915544482
2024-06-03,26.44137318907642,5.164799126803481,75.86714749773729,5.687045199165811,2.9085533181717595,6.6265328318609775,-1.800430486376682,-79.5202934642324
2024-06-04,23.231213350209632,0.0,85.61289552611535,5.87792283547418,2.1526829072494533,6.1603887258367305,-1.822738341854655,-79.53095545716845
2024-06-05,22.391401808786497,3.016877532985805,80.98346351852926,5.9848540279075655,2.0944416190829847,6.025706148421008,-1.8098359335778238,-79.50150428010927
2024-06-06,23.75966029915233,4.276918778371585,77.31396103291092,5.718379832167956,2.1016738420839083,6.1953408725470975,-1.8071514115401386,-79.50789405384322
2024-06-07,25.18676089332533,1.826897150212931,80.11471398488008,5.510281717073291,2.380129340797285,5.984938614887477,-1.8228708736802282,-79.50808356476445
2024-06-08,26.59663447282398,0.0,84.39253171625731,5.999371754693161,2.612254561796054,6.52758614525854,-1.8081535095416443,-79.52656534201024
2024-06-09,24.79768437808549,4.945795978339644,79.84063804094737,6.044713776483725,2.9385876935243536,5.812296813751137,-1.8189665060184224,-79.52925902488312
2024-06-10,23.444602244320983,1.9850968130217144,77.59988430680706,5.787295085076929,2.994975253873656,5.862809503473963,-1.8110308250821927,-79.53632964640346
2024-06-11,24.46574129495074,3.2901136740419763,82.54529264661585,5.350622133203078,2.2573198820938813,6.063385107683842,-1.8109941086771733,-79.54718122516745
2024-06-12,25.460063165141488,0.5404877624689743,74.37034188187438,5.923942289193227,2.2458550444697485,5.643100002272892,-1.8139267594777573,-79.50676388118724
2024-06-13,24.00052368822942,2.077373211720752,78.18576600638536,5.358886788580186,2.8588264787548527,6.382462512383617,-1.8272913068983678,-79.50935494954349
2024-06-14,25.021217593071604,0.0,79.39552539815745,5.798695736954108,2.739517755824764,6.200502146615424,-1.804940925132323,-79.50001411633569
2024-06-15,23.912660960977203,3.409977782067802,81.37184121384573,6.091164464429353,2.781802615929889,6.236717006212656,-1.820376598050848,-79.50016815814631
2024-06-16,24.56706130234349,10.05229572601752,81.2292883878785,5.627782417965285,3.0613479880500765,6.709370981761708,-1.8244044446880043,-79.52222841471986
2024-06-17,24.14556478309721,0.6025351630037834,80.88972663542229,5.892636959053517,2.5789169062524824,6.093392602032865,-1.8287767457533572,-79.51155062924097
2024-06-18,25.859965899661105,8.357715761174429,80.57190677379508,5.988262116153496,2.086990438588984,6.119378114984043,-1.8122732117043527,-79.50276171350588
2024-06-19,25.947445079786487,1.9097705230381308,77.45709821414275,5.669582222281388,2.064146785063045,5.764571427561689,-1.8096730691447316,-79.50751763046613
2024-06-20,24.203593521127974,0.0,80.04685500184881,5.980455434757329,2.136897527941232,6.4557851770925305,-1.8295023651321645,-79.53763259491284
2024-06-21,24.90863367082208,8.152902928120287,78.0264963384436,5.970905045413323,2.0632264398418747,6.267074250250952,-1.8146372082510216,-79.5274727932345
2024-06-22,24.637471471834825,5.766256099923918,76.47321618312544,5.620986031544679,2.738891287301354,5.71549559873274,-1.8232051267440619,-79.54354202924242
2024-06-23,24.8705650336793,0.0,82.544522638,5.553495337046298,2.7209199750718094,6.1876892800938,-1.8106448162877165,-79.50229744863707
2024-06-24,23.94258254525634,5.910132835423634,80.78132679000066,5.692231628761452,2.0965781263695167,5.411212292498226,-1.8247690071298504,-79.51969126827746
2024-06-25,24.77972003783976,0.0,80.28603259832393,5.74731035678355,2.771657110175278,5.90938635015304,-1.8092718678569262,-79.53856785972482
2024-06-26,24.23644177092233,6.659353521441478,81.00517408725236,5.863231191436555,2.6877070359234105,5.5393283630378685,-1.818397939610984,-79.5164149657797
2024-06-27,25.105430943989585,6.062343970068012,76.9499506142705,5.75118390526516,2.4842770849489475,5.95965096467948,-1.801898100337898,-79.51909358797711
2024-06-28,24.767087973254828,10.156833909155916,83.24530018301849,5.537556161313718,2.74882799612242,6.898679995860623,-1.8258743716756203,-79.53209186409836
2024-06-29,24.80944681655136,8.454902125929834,86.0368113371023,6.004741909221396,2.5997234382566914,6.313526542225426,-1.8197680094684923,-79.54432212039002
2024-06-30,24.615910266477517,3.119515216424777,78.9457572928588,6.1126826717664215,2.1726285336231994,6.4597103174034345,-1.8265957943627824,-79.51642134022036
2024-07-01,24.399891298992294,0.0,81.10294787897426,5.379994698469675,2.7502032067324143,6.265569444896697,-1.8022591914516433,-79.52398461495481
2024-07-02,23.52611523547836,1.9510718131112448,85.86247230125086,5.698850659147612,2.0764369651773595,6.44449902073878,-1.8036798193985706,-79.51138408041322
2024-07-03,25.57006975242464,1.3518116925725698,83.03438910622506,6.068295183106176,2.2030063069846464,5.85440824938964,-1.8222617511685455,-79.5239918249444
2024-07-04,24.984699610523787,9.75840472687588,81.68864258052307,5.624037129299589,3.2948244446797768,5.84070873065641,-1.8102004786189747,-79.50739092498408
2024-07-05,23.73188977506284,3.0450225057814406,84.66248126214433,5.970795195310444,2.665946200144764,6.138986559035432,-1.8054833339939635,-79.52240465806128
2024-07-06,24.03481173491477,4.124030905925864,72.41131976691709,5.74067850818604,2.596528773966712,5.654695774914148,-1.8133439756520162,-79.52195310142324
2024-07-07,24.30905865424925,0.3109772284027257,85.26642709494647,6.114603945042971,2.313677772352735,5.954748686529992,-1.81411048264932,-79.50616731986709
2024-07-08,23.940841947513285,0.0,80.58507495208438,5.648343586222482,2.0477538660249897,6.186813367170081,-1.8227444312729866,-79.52982585668938
2024-07-09,24.50362366737745,0.0,82.6860662922878,5.673684454166933,2.6012660952151925,6.246103203783737,-1.8272069169658232,-79.54329923857746
2024-07-10,23.97310994823703,3.6070378940390055,78.45071106833728,5.76070668331438,2.417656227647864,5.776026496037928,-1.8030835272614003,-79.54856086618433
2024-07-11,23.858580669507376,0.0,78.52653875857368,5.7430249013260655,2.397528099001848,5.927550766238767,-1.8029874582851002,-79.51224313721632
2024-07-12,23.950588640111896,3.7305409237636526,82.62355122239757,5.6700469546303465,2.018719657844342,5.687386676327069,-1.811006956281802,-79.51898452243232
2024-07-13,23.610237663044057,0.0,77.69001180140762,5.540776667150021,2.317551669010325,6.054427986034192,-1.819829106268539,-79.51479601159504
2024-07-14,24.476023572668453,0.0,78.7610065335697,5.614660338230538,2.487424331850089,5.745471409742756,-1.8195237127616202,-79.53935179192455
2024-07-15,24.45850225059296,0.0,78.92111098264262,5.860221467838349,2.5735338065290017,6.807910099194149,-1.808221329633893,-79.54318142622066
2024-07-16,24.279840019654326,0.0,79.71360725873278,5.4447507333067096,2.4677601002812954,5.750083182899773,-1.8030866922014228,-79.5492727667166
2024-07-17,24.73231222044813,0.0,79.64970225261426,5.67288843171912,3.1955405407413324,5.903627170164627,-1.8033874072720466,-79.53247062205966
2024-07-18,25.466045634783363,5.404092143924665,81.44620018200615,5.873746629463504,2.6575189192865007,5.421698226196317,-1.8066037336242713,-79.52050411565726
2024-07-19,23.7768932846794,5.559123189254941,79.85330844957768,5.518962030639285,2.4790382197690124,6.511231654876648,-1.8107390506153713,-79.53038779774501
2024-07-20,24.997513372427772,1.0233132865031744,82.85434783117427,5.72669859592639,1.8184513652693124,5.722660203561134,-1.8274758010501486,-79.52812625389882
2024-07-21,25.25031101480656,0.0,79.26984806187495,5.740032360745023,3.2616546358292027,6.487787674608619,-1.8251511385771617,-79.50479206527531
2024-07-22,25.775024186758507,0.5381072813330768,80.88687346624128,5.496671490115841,3.09077377044731,5.649666134619619,-1.8030433743441876,-79.53258722664883
2024-07-23,24.173420451010102,0.0,78.23339951978392,5.63254751379006,2.256849895729673,5.838263189055306,-1.8118071282102124,-79.524300525542
2024-07-24,23.56138496405994,5.5000028922348685,76.68541162081245,5.844108285402773,2.9871836609222235,5.846041090645981,-1.8297240884515011,-79.51081734936294
2024-07-25,23.42566488740192,0.1807102074320792,83.53917562508212,5.838821526190672,2.2875142821569607,6.145162995356412,-1.8269558537140191,-79.53017286088394
2024-07-26,23.11816628013086,4.740130885548073,81.2258219231053,5.738438305772223,2.1645656806211075,5.733995723314963,-1.8100949469267584,-79.5188956649886
2024-07-27,24.427853869076728,7.478235845778642,78.08807675891362,5.891677340710297,1.6651891925591724,5.82461468080284,-1.8298481524846135,-79.50688181456266
2024-07-28,23.97515285370328,0.0,77.19048087563121,5.666444088706222,2.616877091330549,5.943801294478088,-1.825175758457475,-79.50252396881712
2024-07-29,22.20941501334002,0.0,78.17940446642848,5.891537317210711,1.400998062909906,5.850080947154511,-1.8135379863190024,-79.54264632595354
2024-07-30,23.579001714786063,8.275022224375572,78.8449345648614,5.876597796948186,2.556502856034985,5.36083005605784,-1.8092431440692192,-79.50367061874192
2024-07-31,24.61456577330539,2.410315860614773,81.52480591902376,6.5852475412872655,1.6663548242005646,6.517408994928332,-1.8104411622149221,-79.52539418534602
2024-08-01,24.020041984479715,2.4366445220150466,79.86346326409627,5.715152733320391,2.2720668287044967,6.098852620671903,-1.8232719207161834,-79.53708778058505
2024-08-02,23.03626104266265,4.752895837608827,78.75141678534423,5.573986132191928,2.3199948568016744,6.377144765058772,-1.808634623359574,-79.52704321218809
2024-08-03,23.82173193038702,2.792268091048101,77.80713117285359,5.951584369984724,2.7742030955160817,6.554582649988923,-1.8228825273750962,-79.50099837123572
2024-08-04,24.109548843600628,4.343274023789533,80.29420261861684,6.059174356372603,2.212467044956508,6.223501593863184,-1.820238009055222,-79.52536909530035
2024-08-05,24.094242163106653,0.6790591144575112,80.27525745334512,5.850448079285336,2.4535083827512167,6.064413954951158,-1.8076052578464594,-79.53356241948562
2024-08-06,25.512494446049747,5.927248428076092,82.6074637774907,5.7088920947952255,2.1443036687086705,6.286590167471326,-1.8105110130285835,-79.51832995728417
2024-08-07,24.950837434023835,8.36335337875491,78.18805812209231,5.75409026892793,1.8442063349898263,5.882258668181738,-1.8045232976851746,-79.5379927190611
2024-08-08,25.04725640846356,0.0,81.92143938560247,5.761899378800438,2.629622811288624,5.6556925830553,-1.8102716132309897,-79.54620683359457
2024-08-09,24.31816755970712,0.0,79.43931152551404,5.473905351256972,2.982397806618726,6.233222205829353,-1.812950741899936,-79.54355601390446
2024-08-10,24.623336785572864,8.6050311357969,77.15325043752549,6.149472639583111,2.872876625704154,5.929033413834317,-1.8271897569651574,-79.5435977080521
2024-08-11,25.15849611774636,0.0,77.52645751541698,5.67828205535206,2.2884089167743937,5.683032707171924,-1.8189685259082171,-79.54240486532439
2024-08-12,25.22846645367626,0.0,81.05751490507063,5.685929726717264,1.771758679780593,6.0810172075174265,-1.8220439289695483,-79.54305864136752
2024-08-13,22.72019601966418,0.6568297695726569,75.89505488350157,6.1974551998461616,2.864545088869889,6.031726137381444,-1.8226803106986276,-79.51795626275984
2024-08-14,25.260965342123736,0.0,81.63043813601028,5.839962086743743,2.605608032533468,6.38170605003203,-1.8008096833574267,-79.54090599578004
2024-08-15,24.83599368222384,2.4436183141251164,75.0353376913151,5.607990740944107,2.4509164265617103,6.028011712282996,-1.8182070682599973,-79.53271663583381
2024-08-16,23.34583702026086,13.058383377892106,84.54918216576073,5.920423664078497,2.528814744513498,6.436337309029654,-1.8032386033446866,-79.5051605795047
2024-08-17,23.48846523198221,1.3874025925943123,80.77325762042825,5.551647884903675,2.633670566897959,5.953422285352575,-1.8110658412200822,-79.52630191798686
2024-08-18,22.72375395369809,0.0,78.75918339973506,6.177537531468038,2.7226212498135034,5.599355529270032,-1.8061556608937506,-79.51662211307395
2024-08-19,24.638829031534108,0.0,83.24807316166122,5.705775069636424,2.4625455245043315,6.397738994262657,-1.8149208872068443,-79.54138400643991
2024-08-20,23.2202691451326,0.0,78.24920202096199,6.007675770203863,1.8922615698092629,5.150353320566829,-1.8126928834612093,-79.54038554905956
2024-08-21,23.8890729132728,3.758703999554602,83.60078524921649,5.70736772758292,2.335429357153599,6.346170220276724,-1.8152244691854342,-79.54795656918667
2024-08-22,22.754206640243662,0.0,80.57127166977517,5.889843744257007,2.296077322723647,6.010332303511753,-1.8241427103660588,-79.54155324684639
2024-08-23,22.259338117269607,0.0,81.3605261376634,5.603541193149064,2.523593688635839,6.134061750240809,-1.808326436542155,-79.5360704830484
2024-08-24,23.975960639313787,1.8523188549828544,77.11180230414617,5.75867774406079,2.744086467835689,6.04709188829053,-1.8215768291267744,-79.54114947578616
2024-08-25,23.78077498434885,2.121082021453965,82.14382937190986,5.390011744284505,2.96362962598236,5.899123578395678,-1.8292705210070566,-79.54556487331214
2024-08-26,24.590391946592185,6.986234618226139,75.8849789083086,5.65811179951449,2.3845805216497182,5.764873943662671,-1.810635831122785,-79.54396820644497
2024-08-27,25.637949260669448,0.0,78.3333596615394,5.840877806320595,2.0191401895695646,5.881295786473121,-1.8246866796177885,-79.52696106159836
2024-08-28,24.50396260900014,0.0,79.71983942330016,5.694133577510326,1.8942118763276927,6.096477963401772,-1.8017862424694127,-79.53968331407971
2024-08-29,25.653946457317797,1.0920081539171906,80.67579235174264,5.938544551023372,1.9922678013813204,6.510754397438881,-1.8013821426899224,-79.5317865069476
2024-08-30,24.411863037138243,9.159284495445544,77.80090101342803,6.1636123845115645,2.810062197613913,6.165912025755707,-1.8025540682933865,-79.52482913645726
2024-08-31,24.43721956348252,0.0,83.60159497542162,5.828071973969609,1.7131721185651392,5.6648440614879,-1.8188952389923367,-79.51548025856853
2024-09-01,24.351323398245803,3.5499949158277757,79.83023453330031,6.043794157958732,1.7195592543845502,6.043076380951548,-1.8295363015041342,-79.54803439300794
2024-09-02,23.045616619690275,5.798561477420842,79.71662385667399,5.883921994404823,2.1544468157640937,6.383839479497325,-1.8021504431223683,-79.51002948005454
2024-09-03,25.33337973124708,4.917721515059438,79.61144825940968,5.915971457059026,2.21724297280506,6.256666697706214,-1.8171544755504807,-79.51860498052545
2024-09-04,25.819584715459136,7.353052799895931,77.81119259057778,5.872283463454621,1.9827433824965408,6.171717093352703,-1.80100035542869,-79.54591204840256
2024-09-05,24.86048273029003,0.0,76.5146484682629,5.743372220651247,2.3796561011436697,5.637156919374358,-1.8010914006873224,-79.50632106879466
2024-09-06,24.811182983481743,3.2573680447025604,79.41719260406444,5.648841699968327,2.919482850566625,6.496622133926489,-1.8044097163359794,-79.5039563799734
2024-09-07,24.11315081292277,0.0,81.47362299623599,5.728394124050602,2.4442411197347065,6.221895945517401,-1.8211665332379126,-79.54694610200725
2024-09-08,22.972515129994164,8.591511624263347,80.21804157298803,5.717701371087564,2.4643063383114203,5.988728806506155,-1.8184470681419422,-79.53615611759264
2024-09-09,23.11503895724406,9.47469113726618,80.12397689681185,5.888600426089475,2.880619908229617,5.69365126273191,-1.8044658998544942,-79.50968993601035
2024-09-10,24.878777519228183,0.6617945455060321,82.54031232564948,5.374554515929701,2.4603622799034923,5.819153803264811,-1.8204923398453117,-79.51258701548082
2024-09-11,24.845810360507325,4.35022093684101,77.87712231553392,5.657565227164791,2.455733852577068,5.731007331805437,-1.8249152175994172,-79.54077394903219
2024-09-12,25.173586956361703,0.1539639977627693,71.27903534203507,5.725035588675639,2.084582471662411,5.5106172553617165,-1.8132959621262497,-79.53953253383317
2024-09-13,23.510058689421943,2.54704235916485,83.98592248474469,5.862636894772995,2.257398644713704,6.136771258551211,-1.8019153567751767,-79.53147639486043
2024-09-14,24.13272775182481,0.0,76.53691199530104,5.449634238649656,2.344030517376222,6.047416046976039,-1.809119106099751,-79.52577385074045
2024-09-15,24.42270106398809,0.0,77.16276181790965,5.921649238336993,1.973147232021366,6.232808374153042,-1.812898164897319,-79.51908726142348
2024-09-16,23.69822638485862,0.0,75.59964442815297,5.6997195706228725,2.890124983391192,6.154688426533187,-1.827084705186877,-79.5315543180215
2024-09-17,25.28273768962243,4.610712729669679,76.68899051440889,5.7338421551344885,2.187920348353015,6.399172471211712,-1.811549783199025,-79.52687326419334
2024-09-18,23.54256908285895,6.468488446945554,82.67886161032631,6.165924040343217,2.3361253629482013,6.213696647874048,-1.800298384496872,-79.51262645309332
2024-09-19,26.325321469231078,0.0,75.39487925740292,5.423997993218447,2.7850848115445324,5.435054937582425,-1.8257974795429044,-79.54816583985547
2024-09-20,24.202144757649663,4.186565935194803,80.55552661048974,5.885088972836834,2.588915942320342,6.383659743994018,-1.814450110429088,-79.5373781527828
2024-09-21,23.738146895408963,0.0,77.68202166418753,5.9660383623725215,2.860159435358025,6.135367595795552,-1.8036788078421613,-79.51433252070578
2024-09-22,25.446794933511946,0.0,85.0016723346534,6.104647724342452,2.7942487988982987,6.534539672631318,-1.8077769414673739,-79.50523965811564
2024-09-23,23.17470143385778,0.0,77.79408961795414,5.944295864751468,2.0799437041591418,6.227248544801245,-1.809089527770142,-79.52441612789421
2024-09-24,25.59642891519737,5.476014500419996,80.8512530709845,5.60242533181985,2.1612596135498543,6.374885671589,-1.8089254774803867,-79.52339432573673
2024-09-25,25.123479203124266,1.8049024031122796,78.74627136270233,5.394838425377724,2.0716590325262243,6.573425726141917,-1.8192152654634075,-79.544641399433
2024-09-26,23.475635543198027,2.9473991061054035,83.0223319195856,5.549015466399541,2.5738841899124334,6.281374661253197,-1.8211922446720652,-79.52762938165883
2024-09-27,24.5099994575258,16.34201527833384,74.99420222336542,6.011745705976775,2.4308793050414144,6.731576046451003,-1.8057191653356446,-79.52336913667725
2024-09-28,24.8530457213594,0.0,80.68698917737802,5.428419709720343,2.7412990002285573,6.089447539797158,-1.8056965981596247,-79.53787647481826
2024-09-29,25.010928134914483,7.290591625435751,81.10285952062914,5.829617883959655,2.147572665335483,5.7863337709052844,-1.803987830442597,-79.53653783845253
2024-09-30,25.449387696141866,9.181677028529894,79.28566869106383,5.8092005494506544,2.138154250002493,6.351827053580234,-1.8026027834233058,-79.53113579184476
2024-10-01,25.532333458953424,13.03942051565208,77.36503076846078,5.724398420196357,2.592578369010229,6.693946861317731,-1.8146597280341719,-79.54899644011111
2024-10-02,24.827465889961893,0.0,82.64422258677071,5.944227072509116,2.13349035977451,6.406632840331649,-1.814954511159384,-79.53389604172084
2024-10-03,25.936158967357283,4.004815819572298,80.23879358712811,5.910811554223181,2.155318771897497,6.009009443749225,-1.8060511446309968,-79.53942759965017
2024-10-04,23.27809316431265,7.715611560848011,75.31552033267442,6.1006839656858,2.36795196241342,5.936499905420647,-1.8105010820766672,-79.53362513239111
2024-10-05,24.4978128751324,1.893138963722952,84.2555940354441,5.302438268692984,3.010786154435275,6.101407044330513,-1.808940993682269,-79.54401189340903
2024-10-06,24.034382681714227,0.0,85.0291790816246,5.610898624011454,2.038659795761616,6.341194362709419,-1.806126219916917,-79.505473635963
2024-10-07,25.270842301028733,0.0,80.64987492621385,5.594849463271944,2.9403285593690422,6.31841128946194,-1.8032998397454731,-79.52032037732229
2024-10-08,25.425604959057555,5.141638639568416,85.28356437460212,5.799937265477645,2.02725034983168,6.134842173849692,-1.819860145294454,-79.51604488404277
2024-10-09,26.66883763962969,0.0,78.91561169991805,5.88328920762029,2.4784380603977043,5.705308925886806,-1.8187325114208017,-79.51054143806964
2024-10-10,25.897486284984375,14.93353694341963,80.58839437707172,5.619186342052799,1.8804157899786096,6.577392794366355,-1.827180541804774,-79.52507789005355
2024-10-11,25.883101874653008,5.709172065810241,79.99278847724344,5.682145669642138,2.063134546912764,6.250425397897464,-1.8126515957701148,-79.54565398559562
2024-10-12,25.73101729710847,0.0,84.76951693454205,5.9148142441788,3.0598378580583177,5.597361675454465,-1.8289217317860977,-79.52314467290907
2024-10-13,23.907340675667648,2.588486784496849,81.50835328068558,6.159272164585393,2.7824315655260525,5.92719561695639,-1.8160320594560262,-79.52065794409896
2024-10-14,24.178904633867287,9.483336196929084,77.10588372274786,6.125693710954464,2.386246140157396,6.477174621785355,-1.8137206609587728,-79.51272802629079
2024-10-15,25.543145032047423,2.648355886121042,78.44181088452162,5.731818424530784,2.671326676950095,6.023146948865315,-1.8214037624361514,-79.52841702268852
2024-10-16,24.52495087354504,2.5051762817451726,80.23573108915745,5.374253181117037,2.6832672459154794,5.706083632584958,-1.8122750021829297,-79.54362098486023
2024-10-17,24.077334077435403,0.0,74.61832250639632,5.528910499377542,2.216391616947804,6.58597774125797,-1.8290849925018287,-79.53581120471006
2024-10-18,24.57929625928384,4.22208386467349,81.20144415951899,5.8262130372431695,2.4690226157096027,5.641411870920226,-1.8288795543375236,-79.53184588518006
2024-10-19,26.16074203862337,12.36931655152276,74.95202391763195,5.595194281822724,2.3880758630491976,6.210638661526943,-1.8053219831802103,-79.51770413793342
2024-10-20,25.40477244276469,0.0,86.49516820341981,6.038109718868719,2.585029612252886,6.308095878995919,-1.8191942807576622,-79.52146108476656
2024-10-21,25.884720339485845,0.5135958930421172,77.5513482663741,5.81562861259393,2.8446544497991777,6.041718119596025,-1.8261881846204435,-79.53219516370511
2024-10-22,23.7384028142472,0.0,79.77808140921687,5.784866879134833,3.2890168707159235,5.5842036172803,-1.814332702198356,-79.50067423756035
2024-10-23,25.4044713934687,10.778898874974782,86.81434923626838,5.719120515363207,2.69657178108808,6.670928107159594,-1.8069001934070417,-79.51971125903215
2024-10-24,25.156385385242636,2.8391073271368032,81.30792616850013,5.293550782956062,2.7728277960250525,6.03785337109859,-1.8235253691750948,-79.5381386604132
2024-10-25,24.82202008257739,13.567644311931124,77.97519794362834,5.719384802186994,3.296621320881893,6.250381608545043,-1.8113132857254302,-79.54491087636897
2024-10-26,24.559907773650767,2.598206216179084,82.52220344638864,5.841560501470663,1.9829498611390948,5.840349431061843,-1.827439576050187,-79.54235704304078
2024-10-27,24.51411645343023,2.947228107218105,81.27753097588949,5.883641151177594,1.7895952983806391,6.319182296268257,-1.828449548364942,-79.53770211358078
2024-10-28,25.202055076797297,10.255993571302865,81.33259498187202,6.020264591547153,2.686618124580051,6.903867726860825,-1.8140593610529556,-79.54196593133702
2024-10-29,25.417800508814224,2.843757101118813,86.81730416134064,5.977807424455978,2.729497768401765,5.617108675038499,-1.813780946351697,-79.54067164879743
2024-10-30,23.96935390602917,4.7969107440426,80.43656359330473,5.677175486998337,2.556393079844824,6.476588078413078,-1.8108771029550539,-79.53574524156531
2024-10-31,25.55632197964024,0.0,79.66547351857118,5.639006703829487,2.3449200334365754,5.875915300311108,-1.8082172599883202,-79.54133132023526
2024-11-01,24.6178835339168,0.0,79.61703595544543,5.687878472630538,1.3282205239990927,6.615891607350499,-1.800724437616124,-79.50516172876868
2024-11-02,25.871015723373336,3.1184963753750194,80.0564571492218,5.565669130536487,3.1782891511243463,6.5691866084319335,-1.8145109895509641,-79.54598831271691
2024-11-03,25.12535498259722,10.117653220926725,80.52586033680177,5.532654912224814,2.335270652414537,6.539578390031587,-1.8203113058117626,-79.52377443052148
2024-11-04,24.636361825005245,3.90673361282482,79.72580132747265,5.783824300426907,2.5209033961989933,5.68181848008102,-1.806144414156939,-79.52948015865051
2024-11-05,24.42638708069765,0.0,82.9334466490586,5.378870611631935,2.9614361373267704,6.415904819178853,-1.8218750324621378,-79.50088106915457
2024-11-06,24.7582555304139,0.0,78.91606831409813,5.787163167742236,2.0957607120284347,5.845434481857527,-1.816830857378831,-79.5443980548916
2024-11-07,26.224156159090683,8.324635811508704,77.2263076568657,5.4804801660809135,2.3691930729560915,5.935962966194869,-1.827646308559732,-79.53010722004771
2024-11-08,25.39695934989065,2.323416437161705,81.53449872608559,6.187030808012046,2.826200408977705,5.9855734478007685,-1.8292394776975363,-79.50152647833623
2024-11-09,24.85347962315737,3.216634329100644,83.54192273735643,5.67453731080974,2.518089083599993,6.015359370564326,-1.8011205475596623,-79.5067246437053
2024-11-10,24.59857264575077,0.0,80.968923510853,5.787799205628923,2.700096187774628,5.83991990806825,-1.804920596384634,-79.50914639645254
2024-11-11,25.97665703905044,0.6161310939407763,85.13612085205368,5.450472698034347,2.6739080258227563,6.142629204757987,-1.809120773817189,-79.53710485864775
2024-11-12,24.36355434564729,7.121969689305063,83.83855600928048,5.356636232129187,2.701097922996326,5.252018753900977,-1.817731411667572,-79.5414556206305
2024-11-13,24.227468157181438,13.145831824504723,78.25465389982384,5.565224007118205,2.4208249084061277,7.120371901449065,-1.8248011703978746,-79.51656783900378
2024-11-14,23.534654202235178,0.0,84.49229504953888,6.171540468707546,2.4586275102838866,5.628284189242008,-1.8253068887198676,-79.50353120054362
2024-11-15,26.676674801447327,12.972211958745984,82.03684096328669,5.637519530212516,2.480388263664785,6.451891975686551,-1.822492713055062,-79.5221618553493
2024-11-16,25.264681043692462,12.25500719065668,82.6382511234122,5.584524784603048,3.050598580007815,6.593939642003947,-1.8135232000588164,-79.5214193655265
2024-11-17,25.54965263668713,12.332704296393016,76.66525925145935,5.792834884258707,2.287418179456314,6.029642172390363,-1.8085621223189983,-79.53600104531698
2024-11-18,25.277367982083938,17.55778275792212,74.47976676648274,5.793543877790106,2.756217174029909,6.536923460496855,-1.810194078698468,-79.5115253533404
2024-11-19,24.909497557987407,0.0,80.69836022882049,5.648647204596815,1.6240313180085786,6.358377666154119,-1.8216019830916217,-79.54064781257212
2024-11-20,25.76670865587364,5.258304884255399,80.68722406461711,6.014863602543112,2.589735862711233,6.271205266428394,-1.8013540415801041,-79.53381603817978
2024-11-21,24.76201423930092,11.559918692869733,80.96235717779805,5.838810388721175,1.991975564515187,6.586086756290513,-1.807863092499127,-79.52872817806917
2024-11-22,24.33443606600444,1.808586367357529,77.55387311505163,5.586753013620155,3.3499085612067847,6.399401718596521,-1.813369378424658,-79.52461948106577
2024-11-23,26.536294001715408,0.0,80.21376124973268,5.541298474959181,2.2217220491211744,5.724561904975028,-1.8116483776129695,-79.53787951337924
2024-11-24,25.99166720515325,3.018851609491201,83.20513800108205,5.920824177917703,3.4214555008419154,5.556166733058083,-1.8174119981271664,-79.54425815876304
2024-11-25,26.00738659182944,10.732204352003638,77.07986348591889,6.001426667294632,2.634457985210492,6.431757122013978,-1.8225680703149654,-79.51946899787792
2024-11-26,24.3408516104224,1.4044527427540705,86.14943628735777,5.800136563791496,2.812852000612584,5.762730185499734,-1.8193208196404622,-79.53556847233799
2024-11-27,24.37611764302269,10.40992404624971,75.9512713653454,5.7169572464189455,2.5136109644288926,6.533411780552016,-1.807264616686069,-79.52093808892887
2024-11-28,24.856725371987075,6.979098905479615,82.07856726745344,5.946927509091866,2.1056784765328693,5.914753470621361,-1.8295681953411074,-79.54228186423629
2024-11-29,25.95581028950155,9.473235937869362,75.88142164555681,5.87029598007044,1.708709900250076,6.014080470618111,-1.8265178207847925,-79.52594299490725
2024-11-30,26.51821361339678,0.2605364136550685,77.49703086352525,5.952805956314572,1.8828793939161412,5.810173491034488,-1.8286199207393474,-79.52337052837242
2024-12-01,25.477152910065403,3.495237428219651,79.29209003836708,5.948837142063007,2.668618433414625,6.08004551888862,-1.828778135930431,-79.54740882315888
2024-12-02,24.72870217658397,8.516972243011445,79.62880195970072,5.8915611219851565,2.3012271899528085,5.945229307686137,-1.8043361824796698,-79.5331697860903
2024-12-03,24.20803376595839,6.491628616635487,77.56699740911347,5.577190709967601,2.603464459142155,6.063821932757298,-1.8088902642185993,-79.54327926615305
2024-12-04,25.626298987958855,4.511038818791172,81.22415854051027,5.910159514454732,2.6779095231326377,5.752303895159358,-1.8157747851273802,-79.54683125147636
2024-12-05,25.11949078581695,8.487368146939973,80.02153540072382,5.382704468325783,2.564195849589392,6.663759311819173,-1.82706497518047,-79.5005019883805
2024-12-06,24.711968584994413,3.0262811773900613,81.1200456791342,5.862475642093314,2.9770940661665657,5.622639553227334,-1.815251523746495,-79.53388230775126
2024-12-07,25.585104202059995,9.618776972923984,79.57356038917837,5.867737463584338,2.911782992639343,6.261694614008535,-1.8157958468765831,-79.50950627770727
2024-12-08,24.085584550341014,10.76745760044409,79.80593418490244,5.814574819603103,2.529278796400678,6.454927103360522,-1.8248039439026995,-79.53726796726181
2024-12-09,25.95336599768565,6.248076867420607,76.6413616148505,5.721294028806054,2.5714778867241903,6.368764435289116,-1.816984450522861,-79.5159248638888
2024-12-10,25.482475747959068,2.4139902729314477,87.45556975003667,5.852955062195596,3.010156295199606,5.954485669926831,-1.8180448579680788,-79.51198860700552
2024-12-11,25.42668739576436,10.864009189258692,83.65458413526277,6.0114736610756445,2.848878800029192,6.405473980641768,-1.8115244970584337,-79.5202180629696
2024-12-12,24.54260316643515,8.329704218287654,82.7993842170232,5.755455859844679,2.9260687862857546,6.435785023645854,-1.8109471904739707,-79.52642119057249
2024-12-13,24.266943264741265,2.482063147685268,79.578874823284,5.861522533637839,2.29017319449318,6.405660803660143,-1.8286408797068388,-79.52940795429264
2024-12-14,25.33925348921476,6.863901907870364,75.69227142839442,5.536836836714499,2.6124037001127225,5.360221312153549,-1.818761621561206,-79.53255658667285
2024-12-15,25.810109927715256,5.875897444805066,89.7292789087842,6.261583250123222,2.4274203723009933,5.968098899240606,-1.811224202528573,-79.5035235427876
2024-12-16,25.796465211201625,15.182529716256855,75.08591282769194,5.442724906929063,2.2511860777782475,6.674821274952159,-1.8149059122425975,-79.50846902961061
2024-12-17,25.39749887240608,12.01552394158592,76.40090741490408,5.336771227406224,2.8432056781208583,6.2515411181104295,-1.8043053047643505,-79.50174865446668
2024-12-18,23.38520970848909,7.391985396463575,82.37952706465603,5.775588573575744,2.3168606455270044,5.952191330356228,-1.8102391910514317,-79.54378513882573
2024-12-19,24.703533790079373,0.0,77.85595796902871,5.904255981002763,2.6286714165506,6.050417941790046,-1.825111967187557,-79.51345662623982
2024-12-20,24.203881214517292,5.759150855988331,73.46880486067144,5.835695332777078,3.071543083125427,5.557760360387368,-1.8278829375779873,-79.50308297715895
2024-12-21,24.5312578613458,8.312200560217315,83.75852790328246,5.71035507673997,2.2230998682936414,5.409323057275175,-1.8107274216538105,-79.54093834669172
2024-12-22,25.082750503446483,16.87704686738539,80.83207538589403,5.795544204163257,2.6288329243067943,6.496672398815419,-1.8292046606837513,-79.54667518663166
2024-12-23,24.349588502191896,10.783066245055194,80.67728456933526,5.803522650386731,2.1098535890887,6.891052379580428,-1.8124267325617962,-79.51294396753549
2024-12-24,25.531762196266488,3.902062479830157,83.00547456104582,5.700485832322959,2.187198602995585,5.772089064755914,-1.8017930927572514,-79.521276344341
2024-12-25,23.583145157529525,9.024378568757696,74.50656536498495,5.554311233746847,1.6697647963685869,5.974179092162732,-1.8127357746637236,-79.50790856116208
2024-12-26,24.879743631782503,5.033185600734846,76.87226691598828,5.565553249312671,2.6857479454186297,5.834834420487454,-1.8183549022138044,-79.54301138116868
2024-12-27,25.25308665722892,2.2404232360455545,80.54318822831324,6.060655607463213,2.7344663201571136,5.876275854535056,-1.8107013534467296,-79.51023663440701
2024-12-28,25.20575917628474,5.463340794015602,80.02364055408418,5.734877789570299,2.434265917645844,6.0636280059222525,-1.8162524132852547,-79.53991863399762
2024-12-29,24.20531304033444,1.587272531716775,75.83437233850637,5.479945779099258,2.0130869231118083,6.047838752041239,-1.813631496320522,-79.5418172028567
2024-12-30,24.285769987606493,9.234738987822148,80.10414124625768,5.4062991573123895,2.761990233688676,6.243239593677513,-1.8017560557367043,-79.54178671010345
2024-12-31,24.20490986013212,8.767624381141625,77.4305052877724,5.819534075349667,1.9942006372180137,5.462068064239627,-1.8184169208659768,-79.50927126398842
